email,username,name,role,gender,phoneNumber
22PW29@psgtech.ac.in,prem,Prem,USER,M,1234567
22PW01@psgtech.ac.in,ajay,Ajay,USER,M,987654
22PT09@psgtech.ac.in,dinesh,Dinesh,USER,M,5678904
22PC19@psgtech.ac.in,mithun,Mithun,USER,M,1231231231
22PW04@psgtech.ac.in,arul,Arul,USER,M,3453453555
22PW03@psgtech.ac.in,aparna,Aparna,USER,F,9039212345
